[{"id":1,"first_name":"Simone","last_name":"Idiens","email":"sidiens0@psu.edu","Country":"Portugal","Phone":"8996584834","status":"Yes"},
{"id":2,"first_name":"Marje","last_name":"Simmonett","email":"msimmonett1@mysql.com","Country":"China","Phone":"3688001137","status":"Yes"},
{"id":3,"first_name":"Brannon","last_name":"Shall","email":"bshall2@cornell.edu","Country":"France","Phone":"5411112914","status":"Yes"},
{"id":4,"first_name":"Agace","last_name":"Ingyon","email":"aingyon3@biglobe.ne.jp","Country":"Mexico","Phone":"5897982561","status":"No"},
{"id":5,"first_name":"Eric","last_name":"Magnay","email":"emagnay4@studiopress.com","Country":"Slovenia","Phone":"5016058821","status":"No"},
{"id":6,"first_name":"Hedwiga","last_name":"Rottger","email":"hrottger5@wikimedia.org","Country":"France","Phone":"1618678655","status":"No"},
{"id":7,"first_name":"Lionel","last_name":"Kilfoyle","email":"lkilfoyle6@goo.gl","Country":"Portugal","Phone":"6307409325","status":"No"},
{"id":8,"first_name":"Missie","last_name":"Curd","email":"mcurd7@princeton.edu","Country":"Argentina","Phone":"8542993358","status":"Yes"},
{"id":9,"first_name":"Martelle","last_name":"Ayris","email":"mayris8@dailymail.co.uk","Country":"Bulgaria","Phone":"6975013513","status":"No"},
{"id":10,"first_name":"Claudio","last_name":"Frenzel;","email":"cfrenzel9@odnoklassniki.ru","Country":"Philippines","Phone":"2054204804","status":"Yes"},
{"id":11,"first_name":"Romonda","last_name":"Bracchi","email":"rbracchia@wisc.edu","Country":"Indonesia","Phone":"2708834848","status":"Yes"},
{"id":12,"first_name":"Hesther","last_name":"Moulster","email":"hmoulsterb@japanpost.jp","Country":"Russia","Phone":"1775598120","status":"No"},
{"id":13,"first_name":"Gerhard","last_name":"Scathard","email":"gscathardc@ed.gov","Country":"Argentina","Phone":"9942088532","status":"No"},
{"id":14,"first_name":"Marie","last_name":"Ganny","email":"mgannyd@qq.com","Country":"China","Phone":"4256706816","status":"No"},
{"id":15,"first_name":"Kathrine","last_name":"Darbey","email":"kdarbeye@smh.com.au","Country":"China","Phone":"3503017748","status":"Yes"},
{"id":16,"first_name":"Corrinne","last_name":"De Simone","email":"cdesimonef@xinhuanet.com","Country":"China","Phone":"4559852287","status":"Yes"},
{"id":17,"first_name":"Patrica","last_name":"Rhymer","email":"prhymerg@squarespace.com","Country":"China","Phone":"7572703600","status":"No"},
{"id":18,"first_name":"Devina","last_name":"Oakinfold","email":"doakinfoldh@elpais.com","Country":"Brazil","Phone":"6866185837","status":"Yes"},
{"id":19,"first_name":"Pascale","last_name":"Filgate","email":"pfilgatei@rediff.com","Country":"Philippines","Phone":"7685466065","status":"Yes"},
{"id":20,"first_name":"Robina","last_name":"Lithgow","email":"rlithgowj@bloomberg.com","Country":"Ukraine","Phone":"6519511579","status":"No"},
{"id":21,"first_name":"Florella","last_name":"Blacklock","email":"fblacklockk@jalbum.net","Country":"China","Phone":"3313166109","status":"No"},
{"id":22,"first_name":"Joshia","last_name":"Gaythorpe","email":"jgaythorpel@wix.com","Country":"Indonesia","Phone":"5014229174","status":"No"},
{"id":23,"first_name":"Sergei","last_name":"Walduck","email":"swalduckm@nymag.com","Country":"Serbia","Phone":"4101927255","status":"No"},
{"id":24,"first_name":"Ruby","last_name":"Kiloh","email":"rkilohn@slashdot.org","Country":"Portugal","Phone":"5375118041","status":"Yes"},
{"id":25,"first_name":"Glen","last_name":"Allchorn","email":"gallchorno@hp.com","Country":"Spain","Phone":"1375562795","status":"No"},
{"id":26,"first_name":"Ellwood","last_name":"Dorsett","email":"edorsettp@slideshare.net","Country":"China","Phone":"4246855329","status":"Yes"},
{"id":27,"first_name":"Stirling","last_name":"Schimank","email":"sschimankq@pinterest.com","Country":"Peru","Phone":"3672848436","status":"No"},
{"id":28,"first_name":"Conn","last_name":"Canedo","email":"ccanedor@stumbleupon.com","Country":"Italy","Phone":"2772409579","status":"Yes"},
{"id":29,"first_name":"Sayre","last_name":"Gravell","email":"sgravells@seesaa.net","Country":"Iran","Phone":"3901370894","status":"No"},
{"id":30,"first_name":"Clemmy","last_name":"Erbe","email":"cerbet@chron.com","Country":"Argentina","Phone":"6901197444","status":"Yes"},
{"id":31,"first_name":"Quinlan","last_name":"Bastin","email":"qbastinu@edublogs.org","Country":"Indonesia","Phone":"9564962632","status":"Yes"},
{"id":32,"first_name":"Derwin","last_name":"Ollin","email":"dollinv@webeden.co.uk","Country":"Jamaica","Phone":"3466331510","status":"Yes"},
{"id":33,"first_name":"Christoforo","last_name":"Wigg","email":"cwiggw@japanpost.jp","Country":"South Africa","Phone":"1548690873","status":"Yes"},
{"id":34,"first_name":"Winifred","last_name":"Jaggs","email":"wjaggsx@jalbum.net","Country":"Spain","Phone":"9002034310","status":"Yes"},
{"id":35,"first_name":"Codee","last_name":"Linggood","email":"clinggoody@reverbnation.com","Country":"Burundi","Phone":"4124461176","status":"No"},
{"id":36,"first_name":"Gustaf","last_name":"Rohmer","email":"grohmerz@biblegateway.com","Country":"Albania","Phone":"8955558170","status":"Yes"},
{"id":37,"first_name":"Val","last_name":"Cosslett","email":"vcosslett10@vkontakte.ru","Country":"Palestinian Territory","Phone":"6212606258","status":"Yes"},
{"id":38,"first_name":"Russell","last_name":"Anthona","email":"ranthona11@oaic.gov.au","Country":"Kazakhstan","Phone":"2139165811","status":"Yes"},
{"id":39,"first_name":"Kacie","last_name":"Ianni","email":"kianni12@privacy.gov.au","Country":"Peru","Phone":"2458034169","status":"Yes"},
{"id":40,"first_name":"Meaghan","last_name":"Webben","email":"mwebben13@zdnet.com","Country":"France","Phone":"3669318362","status":"Yes"},
{"id":41,"first_name":"Lanette","last_name":"Eivers","email":"leivers14@patch.com","Country":"Indonesia","Phone":"3287042481","status":"No"},
{"id":42,"first_name":"Briggs","last_name":"McLafferty","email":"bmclafferty15@naver.com","Country":"France","Phone":"5252624523","status":"No"},
{"id":43,"first_name":"Witty","last_name":"Losbie","email":"wlosbie16@zdnet.com","Country":"Iran","Phone":"4374318711","status":"No"},
{"id":44,"first_name":"Phyllys","last_name":"Jirick","email":"pjirick17@amazon.com","Country":"United States","Phone":"2127967129","status":"No"},
{"id":45,"first_name":"Corrina","last_name":"Dadge","email":"cdadge18@whitehouse.gov","Country":"Jordan","Phone":"3544778213","status":"No"},
{"id":46,"first_name":"Gaby","last_name":"Burd","email":"gburd19@webmd.com","Country":"Guatemala","Phone":"2236721380","status":"Yes"},
{"id":47,"first_name":"Joannes","last_name":"Greenrde","email":"jgreenrde1a@irs.gov","Country":"Argentina","Phone":"1746958243","status":"No"},
{"id":48,"first_name":"Alanah","last_name":"Ellerker","email":"aellerker1b@businessinsider.com","Country":"Kazakhstan","Phone":"6209728767","status":"No"},
{"id":49,"first_name":"Oralee","last_name":"Faithorn","email":"ofaithorn1c@salon.com","Country":"Colombia","Phone":"5868704212","status":"Yes"},
{"id":50,"first_name":"Carlina","last_name":"Jochen","email":"cjochen1d@privacy.gov.au","Country":"China","Phone":"4045766846","status":"No"},
{"id":51,"first_name":"Trevor","last_name":"Juett","email":"tjuett1e@google.co.uk","Country":"Russia","Phone":"3669504321","status":"Yes"},
{"id":52,"first_name":"Randi","last_name":"Buesden","email":"rbuesden1f@unblog.fr","Country":"Brazil","Phone":"6019169875","status":"Yes"},
{"id":53,"first_name":"Martin","last_name":"Dilawey","email":"mdilawey1g@opensource.org","Country":"Russia","Phone":"5888151236","status":"No"},
{"id":54,"first_name":"Del","last_name":"Stebbins","email":"dstebbins1h@usnews.com","Country":"Russia","Phone":"4939376322","status":"Yes"},
{"id":55,"first_name":"Baxter","last_name":"Alf","email":"balf1i@diigo.com","Country":"Peru","Phone":"8195055775","status":"Yes"},
{"id":56,"first_name":"Sib","last_name":"Medendorp","email":"smedendorp1j@exblog.jp","Country":"Slovenia","Phone":"8219695141","status":"No"},
{"id":57,"first_name":"Cortney","last_name":"Arthurs","email":"carthurs1k@yahoo.com","Country":"China","Phone":"5794960163","status":"Yes"},
{"id":58,"first_name":"Trudey","last_name":"Levane","email":"tlevane1l@mit.edu","Country":"Senegal","Phone":"3261826440","status":"No"},
{"id":59,"first_name":"Rochella","last_name":"Mowen","email":"rmowen1m@theatlantic.com","Country":"Russia","Phone":"5647446145","status":"No"},
{"id":60,"first_name":"Waverly","last_name":"Cobson","email":"wcobson1n@surveymonkey.com","Country":"Afghanistan","Phone":"4209453257","status":"No"},
{"id":61,"first_name":"Albie","last_name":"Rome","email":"arome1o@thetimes.co.uk","Country":"Ukraine","Phone":"6221114143","status":"No"},
{"id":62,"first_name":"Knox","last_name":"Cescotti","email":"kcescotti1p@eventbrite.com","Country":"South Africa","Phone":"2938864310","status":"No"},
{"id":63,"first_name":"Ranice","last_name":"Hillburn","email":"rhillburn1q@ftc.gov","Country":"China","Phone":"8055118920","status":"No"},
{"id":64,"first_name":"Saleem","last_name":"Pyvis","email":"spyvis1r@salon.com","Country":"Pakistan","Phone":"5918503607","status":"Yes"},
{"id":65,"first_name":"Lem","last_name":"Cakes","email":"lcakes1s@harvard.edu","Country":"Netherlands","Phone":"7566007690","status":"No"},
{"id":66,"first_name":"Elmore","last_name":"Roscam","email":"eroscam1t@arizona.edu","Country":"Ukraine","Phone":"3707392622","status":"Yes"},
{"id":67,"first_name":"Sim","last_name":"Brisco","email":"sbrisco1u@princeton.edu","Country":"Indonesia","Phone":"4137147297","status":"No"},
{"id":68,"first_name":"Dalis","last_name":"Broggio","email":"dbroggio1v@furl.net","Country":"Ukraine","Phone":"8721326173","status":"No"},
{"id":69,"first_name":"Johanna","last_name":"Partleton","email":"jpartleton1w@bluehost.com","Country":"Russia","Phone":"6499481920","status":"No"},
{"id":70,"first_name":"Kendell","last_name":"Heffernan","email":"kheffernan1x@smh.com.au","Country":"Ukraine","Phone":"8398100780","status":"Yes"},
{"id":71,"first_name":"Pietra","last_name":"Gibbett","email":"pgibbett1y@si.edu","Country":"Portugal","Phone":"6441432821","status":"Yes"},
{"id":72,"first_name":"Isidro","last_name":"Caulcutt","email":"icaulcutt1z@cnn.com","Country":"Jamaica","Phone":"4391559989","status":"Yes"},
{"id":73,"first_name":"Madeleine","last_name":"Bailes","email":"mbailes20@spiegel.de","Country":"Sweden","Phone":"8143264011","status":"Yes"},
{"id":74,"first_name":"Pall","last_name":"McGee","email":"pmcgee21@telegraph.co.uk","Country":"Sweden","Phone":"1016781264","status":"No"},
{"id":75,"first_name":"Zara","last_name":"Adderley","email":"zadderley22@army.mil","Country":"Philippines","Phone":"1304054780","status":"Yes"},
{"id":76,"first_name":"Duane","last_name":"Morrieson","email":"dmorrieson23@hao123.com","Country":"Portugal","Phone":"5255006039","status":"No"},
{"id":77,"first_name":"Gill","last_name":"Llewellen","email":"gllewellen24@mapquest.com","Country":"Indonesia","Phone":"3887273173","status":"Yes"},
{"id":78,"first_name":"Alleyn","last_name":"Attiwill","email":"aattiwill25@wikia.com","Country":"Colombia","Phone":"7509694911","status":"No"},
{"id":79,"first_name":"Jacintha","last_name":"Thecham","email":"jthecham26@dedecms.com","Country":"Poland","Phone":"9661933557","status":"No"},
{"id":80,"first_name":"Harrie","last_name":"Labell","email":"hlabell27@about.com","Country":"Russia","Phone":"1311572189","status":"Yes"},
{"id":81,"first_name":"Thia","last_name":"Kinde","email":"tkinde28@jalbum.net","Country":"Indonesia","Phone":"9874194386","status":"No"},
{"id":82,"first_name":"Daryl","last_name":"Ebden","email":"debden29@reference.com","Country":"Philippines","Phone":"4081095866","status":"No"},
{"id":83,"first_name":"Mame","last_name":"Oldford","email":"moldford2a@networkadvertising.org","Country":"Russia","Phone":"6537890695","status":"Yes"},
{"id":84,"first_name":"Anjela","last_name":"Grimley","email":"agrimley2b@qq.com","Country":"China","Phone":"8641295012","status":"No"},
{"id":85,"first_name":"Vite","last_name":"Lacotte","email":"vlacotte2c@infoseek.co.jp","Country":"Czech Republic","Phone":"5952706371","status":"No"},
{"id":86,"first_name":"Lotty","last_name":"Roskelley","email":"lroskelley2d@php.net","Country":"Finland","Phone":"9399525456","status":"Yes"},
{"id":87,"first_name":"Mari","last_name":"Ferretti","email":"mferretti2e@zdnet.com","Country":"Madagascar","Phone":"2758398706","status":"Yes"},
{"id":88,"first_name":"Brewster","last_name":"MacFadyen","email":"bmacfadyen2f@symantec.com","Country":"Iran","Phone":"5448836006","status":"No"},
{"id":89,"first_name":"Adria","last_name":"Berwick","email":"aberwick2g@vkontakte.ru","Country":"Poland","Phone":"2582132451","status":"No"},
{"id":90,"first_name":"Renato","last_name":"Tezure","email":"rtezure2h@auda.org.au","Country":"Russia","Phone":"7166813600","status":"Yes"},
{"id":91,"first_name":"Tyson","last_name":"Skudder","email":"tskudder2i@people.com.cn","Country":"China","Phone":"3927011237","status":"No"},
{"id":92,"first_name":"Adriane","last_name":"Preon","email":"apreon2j@usnews.com","Country":"China","Phone":"9442928274","status":"Yes"},
{"id":93,"first_name":"Hall","last_name":"Emery","email":"hemery2k@independent.co.uk","Country":"Indonesia","Phone":"1221651886","status":"No"},
{"id":94,"first_name":"Edgardo","last_name":"Andrelli","email":"eandrelli2l@xing.com","Country":"Colombia","Phone":"9631161637","status":"No"},
{"id":95,"first_name":"Culley","last_name":"Jarrad","email":"cjarrad2m@360.cn","Country":"Poland","Phone":"5631225718","status":"No"},
{"id":96,"first_name":"Terri","last_name":"Lashbrook","email":"tlashbrook2n@ucoz.com","Country":"Indonesia","Phone":"9822723530","status":"Yes"},
{"id":97,"first_name":"Gibbie","last_name":"Dutnall","email":"gdutnall2o@amazon.com","Country":"Slovenia","Phone":"8926535679","status":"No"},
{"id":98,"first_name":"Emlyn","last_name":"Parsonage","email":"eparsonage2p@msu.edu","Country":"Portugal","Phone":"9678418775","status":"Yes"},
{"id":99,"first_name":"Opal","last_name":"Chanter","email":"ochanter2q@washingtonpost.com","Country":"Indonesia","Phone":"6519538408","status":"Yes"},
{"id":100,"first_name":"Augy","last_name":"Petrou","email":"apetrou2r@redcross.org","Country":"Sweden","Phone":"4878419640","status":"No"},
{"id":101,"first_name":"Halette","last_name":"Breffit","email":"hbreffit2s@lulu.com","Country":"New Zealand","Phone":"3281722899","status":"Yes"},
{"id":102,"first_name":"Ringo","last_name":"Bimson","email":"rbimson2t@cdc.gov","Country":"Greece","Phone":"1736130457","status":"Yes"},
{"id":103,"first_name":"Sharl","last_name":"Ludovici","email":"sludovici2u@accuweather.com","Country":"Greece","Phone":"4521432053","status":"Yes"},
{"id":104,"first_name":"Francis","last_name":"Alpine","email":"falpine2v@skyrock.com","Country":"Indonesia","Phone":"7804512352","status":"Yes"},
{"id":105,"first_name":"Doretta","last_name":"Foynes","email":"dfoynes2w@1688.com","Country":"Peru","Phone":"8475090532","status":"No"},
{"id":106,"first_name":"Athena","last_name":"Corbridge","email":"acorbridge2x@canalblog.com","Country":"Russia","Phone":"6907837781","status":"No"},
{"id":107,"first_name":"Dorie","last_name":"Bene","email":"dbene2y@google.fr","Country":"China","Phone":"7722135044","status":"Yes"},
{"id":108,"first_name":"Blair","last_name":"Langran","email":"blangran2z@google.es","Country":"China","Phone":"6027506995","status":"Yes"},
{"id":109,"first_name":"Moria","last_name":"Benn","email":"mbenn30@yelp.com","Country":"Germany","Phone":"3576247033","status":"No"},
{"id":110,"first_name":"Lira","last_name":"Guittet","email":"lguittet31@youtu.be","Country":"Indonesia","Phone":"8156011779","status":"Yes"},
{"id":111,"first_name":"Randee","last_name":"Symons","email":"rsymons32@gmpg.org","Country":"Ukraine","Phone":"4798362957","status":"Yes"},
{"id":112,"first_name":"Kynthia","last_name":"Gores","email":"kgores33@netscape.com","Country":"Turkmenistan","Phone":"5551718919","status":"No"},
{"id":113,"first_name":"Haley","last_name":"Vant","email":"hvant34@1688.com","Country":"Indonesia","Phone":"1403832894","status":"Yes"},
{"id":114,"first_name":"Barnett","last_name":"Sibray","email":"bsibray35@cisco.com","Country":"China","Phone":"4378116702","status":"Yes"},
{"id":115,"first_name":"Loria","last_name":"Fehner","email":"lfehner36@aol.com","Country":"Japan","Phone":"4918410325","status":"Yes"},
{"id":116,"first_name":"Maxy","last_name":"Augustin","email":"maugustin37@etsy.com","Country":"Bosnia and Herzegovina","Phone":"2749808779","status":"Yes"},
{"id":117,"first_name":"Jud","last_name":"Recher","email":"jrecher38@yellowpages.com","Country":"Honduras","Phone":"5004983688","status":"Yes"},
{"id":118,"first_name":"Lane","last_name":"Sutcliffe","email":"lsutcliffe39@ucla.edu","Country":"Canada","Phone":"5516225138","status":"Yes"},
{"id":119,"first_name":"Jeddy","last_name":"Mattiello","email":"jmattiello3a@unesco.org","Country":"Finland","Phone":"2923058469","status":"Yes"},
{"id":120,"first_name":"Aluino","last_name":"Autin","email":"aautin3b@xing.com","Country":"China","Phone":"4824010653","status":"Yes"},
{"id":121,"first_name":"Debi","last_name":"Porteous","email":"dporteous3c@ustream.tv","Country":"Japan","Phone":"8019165927","status":"No"},
{"id":122,"first_name":"Rosita","last_name":"Crannage","email":"rcrannage3d@google.fr","Country":"Serbia","Phone":"3066297777","status":"No"},
{"id":123,"first_name":"Neville","last_name":"Hampson","email":"nhampson3e@icio.us","Country":"China","Phone":"2527320233","status":"Yes"},
{"id":124,"first_name":"Trula","last_name":"Cowndley","email":"tcowndley3f@foxnews.com","Country":"Brazil","Phone":"8268651031","status":"Yes"},
{"id":125,"first_name":"Arlene","last_name":"Cullinane","email":"acullinane3g@xrea.com","Country":"Brazil","Phone":"5628794090","status":"Yes"},
{"id":126,"first_name":"Alisun","last_name":"Connah","email":"aconnah3h@goo.ne.jp","Country":"Tuvalu","Phone":"1357422025","status":"No"},
{"id":127,"first_name":"Zilvia","last_name":"Akast","email":"zakast3i@xing.com","Country":"China","Phone":"9188059808","status":"Yes"},
{"id":128,"first_name":"Clari","last_name":"Andrzejak","email":"candrzejak3j@instagram.com","Country":"Philippines","Phone":"9638458567","status":"Yes"},
{"id":129,"first_name":"Ogdan","last_name":"D'Emanuele","email":"odemanuele3k@privacy.gov.au","Country":"Philippines","Phone":"6727609485","status":"No"},
{"id":130,"first_name":"Brockie","last_name":"Renard","email":"brenard3l@foxnews.com","Country":"China","Phone":"6987735827","status":"Yes"},
{"id":131,"first_name":"Vladimir","last_name":"Kleinsinger","email":"vkleinsinger3m@sphinn.com","Country":"Ukraine","Phone":"9098946674","status":"Yes"},
{"id":132,"first_name":"Cletus","last_name":"Bromidge","email":"cbromidge3n@1688.com","Country":"Russia","Phone":"7261280388","status":"Yes"},
{"id":133,"first_name":"Tamarah","last_name":"Boggis","email":"tboggis3o@xing.com","Country":"Niger","Phone":"6308272615","status":"No"},
{"id":134,"first_name":"Ashleigh","last_name":"Gainsboro","email":"againsboro3p@economist.com","Country":"Pakistan","Phone":"5829269280","status":"Yes"},
{"id":135,"first_name":"Halimeda","last_name":"Asty","email":"hasty3q@huffingtonpost.com","Country":"Thailand","Phone":"2545238655","status":"No"},
{"id":136,"first_name":"Albertine","last_name":"Kadar","email":"akadar3r@arstechnica.com","Country":"Brazil","Phone":"7738286306","status":"No"},
{"id":137,"first_name":"Leonore","last_name":"Flemyng","email":"lflemyng3s@hao123.com","Country":"Argentina","Phone":"4984469762","status":"No"},
{"id":138,"first_name":"Lisle","last_name":"Stranks","email":"lstranks3t@yahoo.co.jp","Country":"Portugal","Phone":"4719780103","status":"No"},
{"id":139,"first_name":"Teddie","last_name":"Espadater","email":"tespadater3u@taobao.com","Country":"Colombia","Phone":"5607112255","status":"Yes"},
{"id":140,"first_name":"Georg","last_name":"Palek","email":"gpalek3v@mayoclinic.com","Country":"China","Phone":"6237497596","status":"No"},
{"id":141,"first_name":"Hewitt","last_name":"Ogle","email":"hogle3w@dropbox.com","Country":"Poland","Phone":"8648513780","status":"No"},
{"id":142,"first_name":"Carin","last_name":"Ferreo","email":"cferreo3x@wisc.edu","Country":"Brazil","Phone":"4361325976","status":"Yes"},
{"id":143,"first_name":"Alaric","last_name":"Medler","email":"amedler3y@illinois.edu","Country":"Russia","Phone":"9179504956","status":"No"},
{"id":144,"first_name":"Titos","last_name":"Teanby","email":"tteanby3z@stumbleupon.com","Country":"Portugal","Phone":"7284135811","status":"No"},
{"id":145,"first_name":"Hobie","last_name":"Brabbs","email":"hbrabbs40@nasa.gov","Country":"Tunisia","Phone":"3696599375","status":"Yes"},
{"id":146,"first_name":"Edsel","last_name":"Boerder","email":"eboerder41@upenn.edu","Country":"France","Phone":"3812175666","status":"No"},
{"id":147,"first_name":"Thibaud","last_name":"Duckitt","email":"tduckitt42@myspace.com","Country":"Mexico","Phone":"9588035125","status":"Yes"},
{"id":148,"first_name":"Olga","last_name":"Lammers","email":"olammers43@prweb.com","Country":"Indonesia","Phone":"2519260307","status":"No"},
{"id":149,"first_name":"Quintus","last_name":"Baggally","email":"qbaggally44@123-reg.co.uk","Country":"Indonesia","Phone":"5059371734","status":"No"},
{"id":150,"first_name":"Chrissy","last_name":"Wilce","email":"cwilce45@wufoo.com","Country":"Serbia","Phone":"1172388937","status":"No"},
{"id":151,"first_name":"Dania","last_name":"Ainsbury","email":"dainsbury46@technorati.com","Country":"Tajikistan","Phone":"2962801170","status":"No"},
{"id":152,"first_name":"Bonnibelle","last_name":"Gunda","email":"bgunda47@smh.com.au","Country":"Argentina","Phone":"5623303571","status":"Yes"},
{"id":153,"first_name":"Xenos","last_name":"Dow","email":"xdow48@gravatar.com","Country":"Vietnam","Phone":"8091814421","status":"No"},
{"id":154,"first_name":"Ardyce","last_name":"Dainty","email":"adainty49@ustream.tv","Country":"Argentina","Phone":"3725083240","status":"No"},
{"id":155,"first_name":"Frazier","last_name":"Paolone","email":"fpaolone4a@jiathis.com","Country":"Slovenia","Phone":"4457906730","status":"No"},
{"id":156,"first_name":"Lionel","last_name":"Foulgham","email":"lfoulgham4b@google.com.au","Country":"Ukraine","Phone":"8076257067","status":"No"},
{"id":157,"first_name":"Bria","last_name":"Cammocke","email":"bcammocke4c@nyu.edu","Country":"China","Phone":"6474087401","status":"No"},
{"id":158,"first_name":"Ramsey","last_name":"Banasik","email":"rbanasik4d@nhs.uk","Country":"Indonesia","Phone":"8581600319","status":"No"},
{"id":159,"first_name":"Salim","last_name":"Rhelton","email":"srhelton4e@msu.edu","Country":"China","Phone":"9731155653","status":"No"},
{"id":160,"first_name":"Brantley","last_name":"Linne","email":"blinne4f@boston.com","Country":"Canada","Phone":"7658702821","status":"No"},
{"id":161,"first_name":"Marcel","last_name":"Croyser","email":"mcroyser4g@house.gov","Country":"China","Phone":"8629874757","status":"No"},
{"id":162,"first_name":"Mathilde","last_name":"Brissard","email":"mbrissard4h@themeforest.net","Country":"China","Phone":"5422755117","status":"No"},
{"id":163,"first_name":"Nertie","last_name":"Heinemann","email":"nheinemann4i@cyberchimps.com","Country":"China","Phone":"9829280013","status":"No"},
{"id":164,"first_name":"Aharon","last_name":"McDool","email":"amcdool4j@google.it","Country":"Latvia","Phone":"3161877276","status":"No"},
{"id":165,"first_name":"Estele","last_name":"Nisbith","email":"enisbith4k@e-recht24.de","Country":"Serbia","Phone":"9086595705","status":"Yes"},
{"id":166,"first_name":"Godwin","last_name":"Gounod","email":"ggounod4l@github.io","Country":"Indonesia","Phone":"6427826994","status":"Yes"},
{"id":167,"first_name":"Hercule","last_name":"McKitterick","email":"hmckitterick4m@smugmug.com","Country":"China","Phone":"7556765222","status":"Yes"},
{"id":168,"first_name":"Gladys","last_name":"Ivanonko","email":"givanonko4n@webs.com","Country":"Iran","Phone":"4204563156","status":"No"},
{"id":169,"first_name":"Weber","last_name":"McNae","email":"wmcnae4o@geocities.jp","Country":"Russia","Phone":"6459501232","status":"No"},
{"id":170,"first_name":"Clemmy","last_name":"Claybourne","email":"cclaybourne4p@lulu.com","Country":"Serbia","Phone":"1774335978","status":"No"},
{"id":171,"first_name":"Ingram","last_name":"Pembery","email":"ipembery4q@comsenz.com","Country":"Russia","Phone":"7732771002","status":"Yes"},
{"id":172,"first_name":"Nataniel","last_name":"Cursey","email":"ncursey4r@discuz.net","Country":"Poland","Phone":"3467800871","status":"Yes"},
{"id":173,"first_name":"Elroy","last_name":"Saldler","email":"esaldler4s@blog.com","Country":"Armenia","Phone":"5341432949","status":"Yes"},
{"id":174,"first_name":"Janine","last_name":"Ambage","email":"jambage4t@imageshack.us","Country":"Brazil","Phone":"4284078296","status":"No"},
{"id":175,"first_name":"Frayda","last_name":"Hatwell","email":"fhatwell4u@blogtalkradio.com","Country":"China","Phone":"9031401398","status":"Yes"},
{"id":176,"first_name":"Yorke","last_name":"Anstice","email":"yanstice4v@businessinsider.com","Country":"Thailand","Phone":"2469862836","status":"No"},
{"id":177,"first_name":"Sandie","last_name":"Triplet","email":"striplet4w@oaic.gov.au","Country":"China","Phone":"5285231006","status":"No"},
{"id":178,"first_name":"Agosto","last_name":"Harness","email":"aharness4x@economist.com","Country":"China","Phone":"3028726600","status":"No"},
{"id":179,"first_name":"Malissa","last_name":"Laister","email":"mlaister4y@bandcamp.com","Country":"Nigeria","Phone":"1522344397","status":"No"},
{"id":180,"first_name":"Briggs","last_name":"Bowell","email":"bbowell4z@wikispaces.com","Country":"Indonesia","Phone":"6952558023","status":"No"},
{"id":181,"first_name":"Gussie","last_name":"Wisker","email":"gwisker50@scribd.com","Country":"Russia","Phone":"6115814795","status":"No"},
{"id":182,"first_name":"Clarinda","last_name":"Asipenko","email":"casipenko51@hud.gov","Country":"Macedonia","Phone":"4335053264","status":"Yes"},
{"id":183,"first_name":"Adda","last_name":"Newis","email":"anewis52@yellowbook.com","Country":"Greece","Phone":"6048495206","status":"No"},
{"id":184,"first_name":"Pamella","last_name":"Stivers","email":"pstivers53@mapy.cz","Country":"Pakistan","Phone":"3306747040","status":"No"},
{"id":185,"first_name":"Gilberta","last_name":"Pollastrone","email":"gpollastrone54@timesonline.co.uk","Country":"China","Phone":"8442817846","status":"No"},
{"id":186,"first_name":"Elianora","last_name":"Gowdie","email":"egowdie55@pagesperso-orange.fr","Country":"Thailand","Phone":"9424790957","status":"No"},
{"id":187,"first_name":"Nikolaos","last_name":"Heckner","email":"nheckner56@oracle.com","Country":"Brazil","Phone":"9818618341","status":"No"},
{"id":188,"first_name":"Amelia","last_name":"Thebes","email":"athebes57@photobucket.com","Country":"China","Phone":"5295197872","status":"No"},
{"id":189,"first_name":"Harriet","last_name":"Woodier","email":"hwoodier58@bandcamp.com","Country":"Poland","Phone":"3554505427","status":"Yes"},
{"id":190,"first_name":"Nicolette","last_name":"Rude","email":"nrude59@yolasite.com","Country":"China","Phone":"3473962458","status":"Yes"},
{"id":191,"first_name":"Babs","last_name":"Fotheringham","email":"bfotheringham5a@jiathis.com","Country":"Indonesia","Phone":"1922124062","status":"No"},
{"id":192,"first_name":"Karyn","last_name":"Bockin","email":"kbockin5b@cbsnews.com","Country":"Russia","Phone":"5336964491","status":"No"},
{"id":193,"first_name":"Nestor","last_name":"Shoebridge","email":"nshoebridge5c@wordpress.com","Country":"Argentina","Phone":"1468866366","status":"No"},
{"id":194,"first_name":"Collen","last_name":"Warde","email":"cwarde5d@qq.com","Country":"Japan","Phone":"1515425394","status":"No"},
{"id":195,"first_name":"Archy","last_name":"Gino","email":"agino5e@constantcontact.com","Country":"China","Phone":"9746924010","status":"No"},
{"id":196,"first_name":"Gavrielle","last_name":"Yearron","email":"gyearron5f@sogou.com","Country":"China","Phone":"2126705119","status":"No"},
{"id":197,"first_name":"Emelda","last_name":"Blemen","email":"eblemen5g@theguardian.com","Country":"Indonesia","Phone":"1625831779","status":"No"},
{"id":198,"first_name":"Jeremiah","last_name":"Pontain","email":"jpontain5h@ted.com","Country":"Argentina","Phone":"2875134460","status":"Yes"},
{"id":199,"first_name":"Phylys","last_name":"McTerrelly","email":"pmcterrelly5i@baidu.com","Country":"Ukraine","Phone":"8996149674","status":"No"},
{"id":200,"first_name":"Linn","last_name":"Troker","email":"ltroker5j@spotify.com","Country":"Russia","Phone":"4215452943","status":"Yes"}]