[{"id":1,"Date_Field":"Geologist IV","24_hours_time_field":"9:06 AM","Created_by":"lrodolphe0","Announcement_detail":"37 Marcy Terrace"},
{"id":2,"Date_Field":"Senior Editor","24_hours_time_field":"1:35 PM","Created_by":"tshadbolt1","Announcement_detail":"95 Sullivan Terrace"},
{"id":3,"Date_Field":"Marketing Assistant","24_hours_time_field":"5:08 AM","Created_by":"hdeaton2","Announcement_detail":"92053 Laurel Trail"},
{"id":4,"Date_Field":"Paralegal","24_hours_time_field":"10:56 PM","Created_by":"dbrandel3","Announcement_detail":"41966 Tennessee Pass"},
{"id":5,"Date_Field":"Staff Accountant III","24_hours_time_field":"10:45 PM","Created_by":"lfulstow4","Announcement_detail":"3578 Village Green Alley"},
{"id":6,"Date_Field":"Pharmacist","24_hours_time_field":"7:29 PM","Created_by":"lgregor5","Announcement_detail":"3 Golden Leaf Road"},
{"id":7,"Date_Field":"Senior Editor","24_hours_time_field":"3:11 PM","Created_by":"lsuermeier6","Announcement_detail":"76755 Glendale Hill"},
{"id":8,"Date_Field":"Structural Engineer","24_hours_time_field":"5:08 AM","Created_by":"mtressler7","Announcement_detail":"499 Magdeline Drive"},
{"id":9,"Date_Field":"Design Engineer","24_hours_time_field":"5:33 PM","Created_by":"gsambals8","Announcement_detail":"54 Mallard Alley"},
{"id":10,"Date_Field":"Business Systems Development Analyst","24_hours_time_field":"12:51 PM","Created_by":"mjacquemot9","Announcement_detail":"4387 Village Alley"},
{"id":11,"Date_Field":"Administrative Assistant III","24_hours_time_field":"1:06 PM","Created_by":"emaugera","Announcement_detail":"25480 Pepper Wood Way"},
{"id":12,"Date_Field":"GIS Technical Architect","24_hours_time_field":"10:16 PM","Created_by":"kboweryb","Announcement_detail":"6 Golf Terrace"},
{"id":13,"Date_Field":"Data Coordinator","24_hours_time_field":"9:09 PM","Created_by":"lkeningtonc","Announcement_detail":"08 Waxwing Trail"},
{"id":14,"Date_Field":"Health Coach IV","24_hours_time_field":"3:53 PM","Created_by":"dmucillod","Announcement_detail":"77 John Wall Circle"},
{"id":15,"Date_Field":"Structural Engineer","24_hours_time_field":"2:23 AM","Created_by":"afurmstone","Announcement_detail":"8 Norway Maple Road"},
{"id":16,"Date_Field":"Tax Accountant","24_hours_time_field":"8:38 PM","Created_by":"jpuckerf","Announcement_detail":"86984 Helena Street"},
{"id":17,"Date_Field":"Civil Engineer","24_hours_time_field":"9:43 PM","Created_by":"mcolbourneg","Announcement_detail":"8 Summerview Alley"},
{"id":18,"Date_Field":"Developer II","24_hours_time_field":"4:22 AM","Created_by":"qbarffh","Announcement_detail":"1 South Park"},
{"id":19,"Date_Field":"Programmer III","24_hours_time_field":"6:34 PM","Created_by":"hspaicei","Announcement_detail":"38 Trailsway Parkway"},
{"id":20,"Date_Field":"Civil Engineer","24_hours_time_field":"1:28 AM","Created_by":"mohegertiej","Announcement_detail":"1726 Talmadge Drive"},
{"id":21,"Date_Field":"Analyst Programmer","24_hours_time_field":"12:11 PM","Created_by":"mrobinsonk","Announcement_detail":"9322 Superior Place"},
{"id":22,"Date_Field":"Sales Representative","24_hours_time_field":"3:01 PM","Created_by":"chammell","Announcement_detail":"68348 Drewry Circle"},
{"id":23,"Date_Field":"Associate Professor","24_hours_time_field":"4:04 PM","Created_by":"lfeeleym","Announcement_detail":"40293 Monterey Way"},
{"id":24,"Date_Field":"Programmer III","24_hours_time_field":"4:47 PM","Created_by":"ngivenn","Announcement_detail":"7457 Service Lane"},
{"id":25,"Date_Field":"VP Accounting","24_hours_time_field":"7:42 PM","Created_by":"gcoopeyo","Announcement_detail":"8005 Scoville Plaza"},
{"id":26,"Date_Field":"Computer Systems Analyst IV","24_hours_time_field":"4:33 AM","Created_by":"idorricottp","Announcement_detail":"4 Talmadge Drive"},
{"id":27,"Date_Field":"Senior Developer","24_hours_time_field":"2:20 PM","Created_by":"sgeriq","Announcement_detail":"4470 Autumn Leaf Pass"},
{"id":28,"Date_Field":"Recruiter","24_hours_time_field":"4:01 PM","Created_by":"gstaresmearer","Announcement_detail":"0793 Warner Pass"},
{"id":29,"Date_Field":"Office Assistant II","24_hours_time_field":"12:41 PM","Created_by":"mjeggos","Announcement_detail":"3 Lunder Circle"},
{"id":30,"Date_Field":"VP Sales","24_hours_time_field":"11:52 PM","Created_by":"jrochewellt","Announcement_detail":"53323 Manufacturers Way"},
{"id":31,"Date_Field":"Project Manager","24_hours_time_field":"3:01 AM","Created_by":"odowreyu","Announcement_detail":"65113 Independence Hill"},
{"id":32,"Date_Field":"Safety Technician III","24_hours_time_field":"2:37 AM","Created_by":"ksalazarv","Announcement_detail":"618 Trailsway Circle"},
{"id":33,"Date_Field":"Senior Financial Analyst","24_hours_time_field":"11:27 AM","Created_by":"kpretorw","Announcement_detail":"23 Kingsford Parkway"},
{"id":34,"Date_Field":"Actuary","24_hours_time_field":"1:53 PM","Created_by":"aantrumx","Announcement_detail":"2 Washington Road"},
{"id":35,"Date_Field":"Staff Scientist","24_hours_time_field":"3:55 PM","Created_by":"twindsory","Announcement_detail":"62 Atwood Point"},
{"id":36,"Date_Field":"Internal Auditor","24_hours_time_field":"10:48 AM","Created_by":"cgernerz","Announcement_detail":"41 Waubesa Point"},
{"id":37,"Date_Field":"Administrative Assistant II","24_hours_time_field":"8:46 AM","Created_by":"iluxen10","Announcement_detail":"097 Victoria Place"},
{"id":38,"Date_Field":"Marketing Manager","24_hours_time_field":"3:18 PM","Created_by":"gkrol11","Announcement_detail":"4538 Ridgeview Hill"},
{"id":39,"Date_Field":"Human Resources Manager","24_hours_time_field":"9:18 PM","Created_by":"fbaily12","Announcement_detail":"71584 Algoma Avenue"},
{"id":40,"Date_Field":"Registered Nurse","24_hours_time_field":"10:28 AM","Created_by":"wlemarie13","Announcement_detail":"9 Mayer Road"},
{"id":41,"Date_Field":"Software Engineer IV","24_hours_time_field":"7:06 PM","Created_by":"marnauduc14","Announcement_detail":"7 Packers Hill"},
{"id":42,"Date_Field":"Financial Advisor","24_hours_time_field":"11:29 PM","Created_by":"hlefebre15","Announcement_detail":"3468 Meadow Valley Trail"},
{"id":43,"Date_Field":"Analyst Programmer","24_hours_time_field":"6:56 AM","Created_by":"kbenedettini16","Announcement_detail":"5 Harbort Way"},
{"id":44,"Date_Field":"Marketing Assistant","24_hours_time_field":"4:57 AM","Created_by":"drands17","Announcement_detail":"82 Waywood Crossing"},
{"id":45,"Date_Field":"Developer I","24_hours_time_field":"6:23 PM","Created_by":"csimnor18","Announcement_detail":"108 Melrose Pass"},
{"id":46,"Date_Field":"Registered Nurse","24_hours_time_field":"12:21 PM","Created_by":"rzahor19","Announcement_detail":"0439 Coolidge Crossing"},
{"id":47,"Date_Field":"Safety Technician IV","24_hours_time_field":"7:39 AM","Created_by":"nelstub1a","Announcement_detail":"9 Crownhardt Point"},
{"id":48,"Date_Field":"Assistant Professor","24_hours_time_field":"12:52 PM","Created_by":"mferencz1b","Announcement_detail":"0 Ilene Street"},
{"id":49,"Date_Field":"Sales Associate","24_hours_time_field":"3:12 AM","Created_by":"nblackburn1c","Announcement_detail":"54890 Messerschmidt Hill"},
{"id":50,"Date_Field":"Social Worker","24_hours_time_field":"12:59 AM","Created_by":"hoiseau1d","Announcement_detail":"0 Carey Court"}]