[{"id":1,"name":"Lorry Saveall","IC_No":"48951-3046","nationality":"Tanzania","passport_no":"8694209594","IC_expiry":"6/2/2024","LD_expiry":"7/30/2023","Visa_expiry":"12/7/2023","position":"Circle","insurance":"Hill","contract_expiry":"8/8/2023","medical_expiry":"1/27/2024","driving_license_expiry":"8/29/2023"},
{"id":2,"name":"Rudyard Lampart","IC_No":"49348-603","nationality":"Finland","passport_no":"6514297374","IC_expiry":"3/1/2024","LD_expiry":"5/8/2024","Visa_expiry":"5/11/2024","position":"Lane","insurance":"Center","contract_expiry":"10/26/2023","medical_expiry":"8/3/2023","driving_license_expiry":"11/4/2023"},
{"id":3,"name":"Doretta Cash","IC_No":"25021-162","nationality":"Poland","passport_no":"6971590260","IC_expiry":"12/12/2023","LD_expiry":"1/1/2024","Visa_expiry":"11/9/2023","position":"Plaza","insurance":"Junction","contract_expiry":"10/31/2023","medical_expiry":"7/11/2023","driving_license_expiry":"12/23/2023"},
{"id":4,"name":"Lissa Dunbobbin","IC_No":"54295-304","nationality":"Thailand","passport_no":"8014623576","IC_expiry":"12/27/2023","LD_expiry":"8/1/2023","Visa_expiry":"11/2/2023","position":"Park","insurance":"Plaza","contract_expiry":"6/15/2024","medical_expiry":"5/9/2024","driving_license_expiry":"12/21/2023"},
{"id":5,"name":"Sharla Normanell","IC_No":"35356-787","nationality":"Indonesia","passport_no":"3328908544","IC_expiry":"6/6/2024","LD_expiry":"5/17/2024","Visa_expiry":"11/9/2023","position":"Trail","insurance":"Pass","contract_expiry":"8/4/2023","medical_expiry":"8/28/2023","driving_license_expiry":"10/7/2023"},
{"id":6,"name":"Yorgo Brideoke","IC_No":"21695-330","nationality":"Russia","passport_no":"7156252194","IC_expiry":"4/19/2024","LD_expiry":"5/10/2024","Visa_expiry":"10/13/2023","position":"Alley","insurance":"Junction","contract_expiry":"1/2/2024","medical_expiry":"1/25/2024","driving_license_expiry":"3/26/2024"},
{"id":7,"name":"Bonni Gladman","IC_No":"76334-001","nationality":"Lithuania","passport_no":"2321971436","IC_expiry":"12/24/2023","LD_expiry":"5/8/2024","Visa_expiry":"6/24/2023","position":"Center","insurance":"Trail","contract_expiry":"10/30/2023","medical_expiry":"9/27/2023","driving_license_expiry":"10/18/2023"},
{"id":8,"name":"Darwin Rowena","IC_No":"33261-905","nationality":"China","passport_no":"8021322802","IC_expiry":"3/7/2024","LD_expiry":"1/25/2024","Visa_expiry":"7/9/2023","position":"Avenue","insurance":"Center","contract_expiry":"1/20/2024","medical_expiry":"7/25/2023","driving_license_expiry":"6/13/2024"},
{"id":9,"name":"Elliot Wolfendale","IC_No":"0378-0873","nationality":"Tanzania","passport_no":"3047629382","IC_expiry":"5/17/2024","LD_expiry":"1/17/2024","Visa_expiry":"9/25/2023","position":"Street","insurance":"Parkway","contract_expiry":"4/15/2024","medical_expiry":"4/5/2024","driving_license_expiry":"8/12/2023"},
{"id":10,"name":"Anne-corinne Jenkyn","IC_No":"50804-167","nationality":"China","passport_no":"6235843364","IC_expiry":"1/17/2024","LD_expiry":"2/28/2024","Visa_expiry":"3/13/2024","position":"Way","insurance":"Street","contract_expiry":"7/10/2023","medical_expiry":"6/1/2024","driving_license_expiry":"11/27/2023"},
{"id":11,"name":"Monah Volke","IC_No":"60760-104","nationality":"China","passport_no":"9147775785","IC_expiry":"1/23/2024","LD_expiry":"5/14/2024","Visa_expiry":"11/6/2023","position":"Place","insurance":"Terrace","contract_expiry":"8/24/2023","medical_expiry":"10/12/2023","driving_license_expiry":"3/31/2024"},
{"id":12,"name":"Derby Clemenson","IC_No":"59535-9401","nationality":"Indonesia","passport_no":"6560007197","IC_expiry":"10/11/2023","LD_expiry":"9/15/2023","Visa_expiry":"4/6/2024","position":"Center","insurance":"Parkway","contract_expiry":"7/22/2023","medical_expiry":"11/12/2023","driving_license_expiry":"6/24/2023"},
{"id":13,"name":"Vania Siderfin","IC_No":"0268-0649","nationality":"Poland","passport_no":"6744186825","IC_expiry":"7/24/2023","LD_expiry":"11/18/2023","Visa_expiry":"1/20/2024","position":"Drive","insurance":"Hill","contract_expiry":"12/7/2023","medical_expiry":"4/27/2024","driving_license_expiry":"12/27/2023"},
{"id":14,"name":"Goldy Steed","IC_No":"65841-737","nationality":"Sweden","passport_no":"2035888387","IC_expiry":"4/28/2024","LD_expiry":"6/10/2024","Visa_expiry":"12/22/2023","position":"Circle","insurance":"Lane","contract_expiry":"7/22/2023","medical_expiry":"5/6/2024","driving_license_expiry":"12/1/2023"},
{"id":15,"name":"Dougie Aikin","IC_No":"62802-580","nationality":"China","passport_no":"0921534248","IC_expiry":"3/18/2024","LD_expiry":"9/26/2023","Visa_expiry":"6/30/2023","position":"Alley","insurance":"Point","contract_expiry":"4/11/2024","medical_expiry":"3/6/2024","driving_license_expiry":"8/10/2023"},
{"id":16,"name":"Sheff Sykes","IC_No":"0363-0117","nationality":"China","passport_no":"4930647770","IC_expiry":"7/4/2023","LD_expiry":"5/12/2024","Visa_expiry":"7/25/2023","position":"Street","insurance":"Pass","contract_expiry":"2/27/2024","medical_expiry":"3/24/2024","driving_license_expiry":"9/20/2023"},
{"id":17,"name":"Ailee Carnow","IC_No":"58503-063","nationality":"Belarus","passport_no":"1373722967","IC_expiry":"11/2/2023","LD_expiry":"11/5/2023","Visa_expiry":"8/3/2023","position":"Way","insurance":"Street","contract_expiry":"8/17/2023","medical_expiry":"10/6/2023","driving_license_expiry":"1/25/2024"},
{"id":18,"name":"Ulysses Salazar","IC_No":"58411-134","nationality":"Syria","passport_no":"8206977627","IC_expiry":"12/19/2023","LD_expiry":"4/22/2024","Visa_expiry":"12/4/2023","position":"Point","insurance":"Way","contract_expiry":"12/12/2023","medical_expiry":"10/27/2023","driving_license_expiry":"5/2/2024"},
{"id":19,"name":"Randie Dumbrill","IC_No":"50988-254","nationality":"China","passport_no":"6800012734","IC_expiry":"9/21/2023","LD_expiry":"12/17/2023","Visa_expiry":"6/9/2024","position":"Park","insurance":"Circle","contract_expiry":"8/18/2023","medical_expiry":"5/22/2024","driving_license_expiry":"11/19/2023"},
{"id":20,"name":"Sonja Wysome","IC_No":"55045-1243","nationality":"Brazil","passport_no":"5222882675","IC_expiry":"10/30/2023","LD_expiry":"2/29/2024","Visa_expiry":"7/10/2023","position":"Park","insurance":"Place","contract_expiry":"6/13/2024","medical_expiry":"3/9/2024","driving_license_expiry":"9/14/2023"},
{"id":21,"name":"Renell Labbett","IC_No":"68220-144","nationality":"Portugal","passport_no":"2362411419","IC_expiry":"8/3/2023","LD_expiry":"12/24/2023","Visa_expiry":"4/12/2024","position":"Lane","insurance":"Lane","contract_expiry":"8/31/2023","medical_expiry":"8/17/2023","driving_license_expiry":"12/24/2023"},
{"id":22,"name":"Selia Musson","IC_No":"60429-287","nationality":"China","passport_no":"6429016226","IC_expiry":"4/28/2024","LD_expiry":"4/1/2024","Visa_expiry":"6/1/2024","position":"Way","insurance":"Circle","contract_expiry":"11/27/2023","medical_expiry":"12/9/2023","driving_license_expiry":"12/24/2023"},
{"id":23,"name":"Tracie Llewellen","IC_No":"54194-268","nationality":"Mexico","passport_no":"4373723133","IC_expiry":"10/11/2023","LD_expiry":"10/28/2023","Visa_expiry":"4/7/2024","position":"Alley","insurance":"Hill","contract_expiry":"7/29/2023","medical_expiry":"12/14/2023","driving_license_expiry":"6/10/2024"},
{"id":24,"name":"Welby Kedwell","IC_No":"50742-208","nationality":"Croatia","passport_no":"0006371973","IC_expiry":"2/22/2024","LD_expiry":"9/25/2023","Visa_expiry":"8/22/2023","position":"Court","insurance":"Terrace","contract_expiry":"5/22/2024","medical_expiry":"7/23/2023","driving_license_expiry":"2/11/2024"},
{"id":25,"name":"Wandis Oleszkiewicz","IC_No":"50436-3101","nationality":"Portugal","passport_no":"7352749551","IC_expiry":"10/23/2023","LD_expiry":"10/7/2023","Visa_expiry":"9/15/2023","position":"Plaza","insurance":"Terrace","contract_expiry":"6/27/2023","medical_expiry":"9/5/2023","driving_license_expiry":"5/26/2024"},
{"id":26,"name":"Gloria Samwyse","IC_No":"63629-1477","nationality":"Vietnam","passport_no":"7433869972","IC_expiry":"10/15/2023","LD_expiry":"1/27/2024","Visa_expiry":"3/19/2024","position":"Trail","insurance":"Hill","contract_expiry":"11/22/2023","medical_expiry":"7/14/2023","driving_license_expiry":"10/1/2023"},
{"id":27,"name":"Erik Castard","IC_No":"10812-102","nationality":"Brazil","passport_no":"0320562115","IC_expiry":"9/2/2023","LD_expiry":"3/13/2024","Visa_expiry":"9/9/2023","position":"Point","insurance":"Junction","contract_expiry":"3/23/2024","medical_expiry":"3/17/2024","driving_license_expiry":"3/1/2024"},
{"id":28,"name":"Alard Kunzel","IC_No":"47335-928","nationality":"China","passport_no":"1118801989","IC_expiry":"9/9/2023","LD_expiry":"5/20/2024","Visa_expiry":"6/17/2024","position":"Trail","insurance":"Place","contract_expiry":"11/20/2023","medical_expiry":"10/27/2023","driving_license_expiry":"5/18/2024"},
{"id":29,"name":"Dell Jefford","IC_No":"68788-0681","nationality":"Honduras","passport_no":"5753788971","IC_expiry":"7/2/2023","LD_expiry":"12/16/2023","Visa_expiry":"9/23/2023","position":"Center","insurance":"Alley","contract_expiry":"12/20/2023","medical_expiry":"12/25/2023","driving_license_expiry":"10/18/2023"},
{"id":30,"name":"Massimiliano Wellings","IC_No":"11822-0544","nationality":"Tajikistan","passport_no":"6905374067","IC_expiry":"9/21/2023","LD_expiry":"9/25/2023","Visa_expiry":"12/31/2023","position":"Hill","insurance":"Lane","contract_expiry":"1/9/2024","medical_expiry":"3/7/2024","driving_license_expiry":"4/13/2024"},
{"id":31,"name":"Rudyard Mayhead","IC_No":"59779-358","nationality":"Kosovo","passport_no":"5823870787","IC_expiry":"6/29/2023","LD_expiry":"12/11/2023","Visa_expiry":"5/7/2024","position":"Hill","insurance":"Circle","contract_expiry":"7/29/2023","medical_expiry":"6/27/2023","driving_license_expiry":"4/20/2024"},
{"id":32,"name":"Jehu Harrill","IC_No":"68001-151","nationality":"China","passport_no":"5736821087","IC_expiry":"4/8/2024","LD_expiry":"10/7/2023","Visa_expiry":"6/24/2023","position":"Center","insurance":"Circle","contract_expiry":"4/11/2024","medical_expiry":"11/16/2023","driving_license_expiry":"1/26/2024"},
{"id":33,"name":"Chelsae Skippen","IC_No":"68258-7114","nationality":"Russia","passport_no":"4794149964","IC_expiry":"7/19/2023","LD_expiry":"11/30/2023","Visa_expiry":"2/18/2024","position":"Crossing","insurance":"Court","contract_expiry":"9/29/2023","medical_expiry":"8/21/2023","driving_license_expiry":"6/20/2023"},
{"id":34,"name":"Abeu Stolz","IC_No":"43979-550","nationality":"Indonesia","passport_no":"1734758937","IC_expiry":"2/16/2024","LD_expiry":"3/18/2024","Visa_expiry":"11/15/2023","position":"Trail","insurance":"Park","contract_expiry":"5/26/2024","medical_expiry":"1/3/2024","driving_license_expiry":"3/7/2024"},
{"id":35,"name":"Wandis Arnett","IC_No":"64942-1014","nationality":"United Kingdom","passport_no":"2163012441","IC_expiry":"7/18/2023","LD_expiry":"3/16/2024","Visa_expiry":"12/11/2023","position":"Point","insurance":"Park","contract_expiry":"5/21/2024","medical_expiry":"12/9/2023","driving_license_expiry":"2/3/2024"},
{"id":36,"name":"Ad Foard","IC_No":"0113-0377","nationality":"China","passport_no":"2493292677","IC_expiry":"2/3/2024","LD_expiry":"12/17/2023","Visa_expiry":"8/3/2023","position":"Terrace","insurance":"Junction","contract_expiry":"2/4/2024","medical_expiry":"8/6/2023","driving_license_expiry":"9/1/2023"},
{"id":37,"name":"Hulda Marien","IC_No":"54868-1949","nationality":"Sweden","passport_no":"3511554853","IC_expiry":"11/8/2023","LD_expiry":"8/11/2023","Visa_expiry":"2/24/2024","position":"Circle","insurance":"Road","contract_expiry":"2/8/2024","medical_expiry":"5/24/2024","driving_license_expiry":"4/23/2024"},
{"id":38,"name":"Julianna Sidnall","IC_No":"52959-734","nationality":"Ukraine","passport_no":"3930802139","IC_expiry":"4/4/2024","LD_expiry":"8/1/2023","Visa_expiry":"10/29/2023","position":"Hill","insurance":"Court","contract_expiry":"5/21/2024","medical_expiry":"2/26/2024","driving_license_expiry":"8/28/2023"},
{"id":39,"name":"Jemmy Siddle","IC_No":"68084-196","nationality":"South Africa","passport_no":"5445654796","IC_expiry":"5/13/2024","LD_expiry":"6/13/2024","Visa_expiry":"2/26/2024","position":"Park","insurance":"Place","contract_expiry":"10/8/2023","medical_expiry":"1/2/2024","driving_license_expiry":"2/13/2024"},
{"id":40,"name":"Virgilio Carine","IC_No":"64117-546","nationality":"Canada","passport_no":"0054892325","IC_expiry":"5/21/2024","LD_expiry":"1/3/2024","Visa_expiry":"7/11/2023","position":"Parkway","insurance":"Parkway","contract_expiry":"2/12/2024","medical_expiry":"6/3/2024","driving_license_expiry":"5/28/2024"},
{"id":41,"name":"Bradly Trenaman","IC_No":"21695-692","nationality":"China","passport_no":"3859245295","IC_expiry":"10/11/2023","LD_expiry":"10/12/2023","Visa_expiry":"7/8/2023","position":"Court","insurance":"Road","contract_expiry":"5/29/2024","medical_expiry":"8/2/2023","driving_license_expiry":"3/8/2024"},
{"id":42,"name":"Stephanie Goulder","IC_No":"43386-161","nationality":"Finland","passport_no":"3343280429","IC_expiry":"9/22/2023","LD_expiry":"11/16/2023","Visa_expiry":"5/27/2024","position":"Place","insurance":"Trail","contract_expiry":"2/6/2024","medical_expiry":"4/8/2024","driving_license_expiry":"4/15/2024"},
{"id":43,"name":"Janessa Gotecliffe","IC_No":"59779-091","nationality":"China","passport_no":"9664535842","IC_expiry":"11/9/2023","LD_expiry":"7/9/2023","Visa_expiry":"3/29/2024","position":"Court","insurance":"Point","contract_expiry":"11/6/2023","medical_expiry":"4/3/2024","driving_license_expiry":"9/23/2023"},
{"id":44,"name":"Ellen Carrick","IC_No":"43063-383","nationality":"Ethiopia","passport_no":"8159816391","IC_expiry":"7/28/2023","LD_expiry":"11/24/2023","Visa_expiry":"12/21/2023","position":"Park","insurance":"Park","contract_expiry":"4/25/2024","medical_expiry":"10/29/2023","driving_license_expiry":"9/7/2023"},
{"id":45,"name":"Gussie Bartens","IC_No":"36987-2047","nationality":"Japan","passport_no":"8028922805","IC_expiry":"4/16/2024","LD_expiry":"8/9/2023","Visa_expiry":"9/19/2023","position":"Pass","insurance":"Park","contract_expiry":"4/23/2024","medical_expiry":"10/29/2023","driving_license_expiry":"12/30/2023"},
{"id":46,"name":"Lemmy McIlheran","IC_No":"42213-162","nationality":"Gambia","passport_no":"9998165059","IC_expiry":"3/12/2024","LD_expiry":"5/18/2024","Visa_expiry":"1/8/2024","position":"Drive","insurance":"Crossing","contract_expiry":"6/23/2023","medical_expiry":"5/8/2024","driving_license_expiry":"11/7/2023"},
{"id":47,"name":"Auria Wavell","IC_No":"60716-010","nationality":"Albania","passport_no":"2225906769","IC_expiry":"6/21/2023","LD_expiry":"2/26/2024","Visa_expiry":"12/3/2023","position":"Point","insurance":"Circle","contract_expiry":"4/15/2024","medical_expiry":"10/23/2023","driving_license_expiry":"5/13/2024"},
{"id":48,"name":"Joseph Argyle","IC_No":"0378-6689","nationality":"South Africa","passport_no":"7387154619","IC_expiry":"1/11/2024","LD_expiry":"4/3/2024","Visa_expiry":"10/21/2023","position":"Plaza","insurance":"Way","contract_expiry":"8/31/2023","medical_expiry":"8/16/2023","driving_license_expiry":"12/29/2023"},
{"id":49,"name":"Madeline Dreye","IC_No":"50227-0521","nationality":"Philippines","passport_no":"9116317823","IC_expiry":"12/17/2023","LD_expiry":"3/29/2024","Visa_expiry":"12/8/2023","position":"Street","insurance":"Pass","contract_expiry":"4/14/2024","medical_expiry":"9/16/2023","driving_license_expiry":"4/17/2024"},
{"id":50,"name":"Pate de Vaen","IC_No":"66915-611","nationality":"Uganda","passport_no":"6792058270","IC_expiry":"7/21/2023","LD_expiry":"12/14/2023","Visa_expiry":"6/16/2024","position":"Circle","insurance":"Pass","contract_expiry":"4/14/2024","medical_expiry":"6/9/2024","driving_license_expiry":"9/15/2023"}]