[
  {"PositionID":"1","PositionName":"testprojects","DepartmentID":"18","BasicSalary":"123","ContractTemplatePath":"awd","FirstHikePeriod":"12","FirstHikeAmount":"23","SecondHikePeriod":"23","SecondHikeAmount":"23","ThirdHikePeriod":"23.12","ThirdHikeAmount":"23","CreatedBy":"12","CreatedOn":"06/22/2024","ModifiedBy":"","ModifiedOn":"","StatusCode":"active","IsDeleted":"false"},
  {"PositionID":"1","PositionName":"testprojects","DepartmentID":"18","BasicSalary":"123","ContractTemplatePath":"awd","FirstHikePeriod":"12","FirstHikeAmount":"23","SecondHikePeriod":"23","SecondHikeAmount":"23","ThirdHikePeriod":"23.12","ThirdHikeAmount":"23","CreatedBy":"12","CreatedOn":"06/22/2024","ModifiedBy":"","ModifiedOn":"","StatusCode":"active","IsDeleted":"false"}
]
